{
  "accuracy": 0.9725,
  "precision": 1.0,
  "recall": 0.7924528301886793,
  "f1": 0.8842105263157894,
  "roc_auc": 0.9205861562720895,
  "confusion_matrix": [
    [
      347,
      0
    ],
    [
      11,
      42
    ]
  ],
  "n_rows": 2000,
  "n_tampered": 263
}